Symbol,CompanyName,Sector
AALI,Company AALI,General
ABMM,Company ABMM,General
ACES,Company ACES,General
ACRO,Company ACRO,General
ADHI,Company ADHI,General
ADRO,Company ADRO,General
AGAR,Company AGAR,General
AGII,Company AGII,General
AGRO,Company AGRO,General
AGRS,Company AGRS,General
AISA,Company AISA,General
AKRA,Company AKRA,General
AMMN,Company AMMN,General
AMRT,Company AMRT,General
ANTM,Company ANTM,General
APEX,Company APEX,General
APLN,Company APLN,General
ARKO,Company ARKO,General
ARTO,Company ARTO,General
ASII,Company ASII,General
ASLC,Company ASLC,General
ASLI,Company ASLI,General
ASPI,Company ASPI,General
ASPR,Company ASPR,General
ASRI,Company ASRI,General
ASSA,Company ASSA,General
ATLA,Company ATLA,General
AUTO,Company AUTO,General
AVIA,Company AVIA,General
AWAN,Company AWAN,General
AYAM,Company AYAM,General
AYSL,Company AYSL,General
BABP,Company BABP,General
BACA,Company BACA,General
BACH,Company BACH,General
BAJA,Company BAJA,General
BALI,Company BALI,General
BANK,Company BANK,General
BBCA,Company BBCA,General
BBKP,Company BBKP,General
BBNI,Company BBNI,General
BBRI,Company BBRI,General
BBRM,Company BBRM,General
BBSS,Company BBSS,General
BBTN,Company BBTN,General
BBYB,Company BBYB,General
BDKR,Company BDKR,General
BDMN,Company BDMN,General
BELL,Company BELL,General
BEST,Company BEST,General
BFIN,Company BFIN,General
BIPI,Company BIPI,General
BIRD,Company BIRD,General
BJBR,Company BJBR,General
BJTM,Company BJTM,General
BKDP,Company BKDP,General
BKSL,Company BKSL,General
BMHS,Company BMHS,General
BMRI,Company BMRI,General
BMTR,Company BMTR,General
BNBR,Company BNBR,General
BNGA,Company BNGA,General
BREN,Company BREN,General
BRIS,Company BRIS,General
BRMS,Company BRMS,General
BRPT,Company BRPT,General
BSBK,Company BSBK,General
BSDE,Company BSDE,General
BSSR,Company BSSR,General
BUDI,Company BUDI,General
BUKA,Company BUKA,General
BUKK,Company BUKK,General
BULL,Company BULL,General
BUMI,Company BUMI,General
BUVA,Company BUVA,General
BVIC,Company BVIC,General
BWPT,Company BWPT,General
BYAN,Company BYAN,General
CAMP,Company CAMP,General
CARE,Company CARE,General
CARS,Company CARS,General
CASS,Company CASS,General
CBRE,Company CBRE,General
CDIA,Company CDIA,General
CENT,Company CENT,General
CLEO,Company CLEO,General
CMNP,Company CMNP,General
CMRY,Company CMRY,General
COCO,Company COCO,General
COIN,Company COIN,General
CPIN,Company CPIN,General
CPRO,Company CPRO,General
CSAP,Company CSAP,General
CSMI,Company CSMI,General
CTRA,Company CTRA,General
CUAN,Company CUAN,General
DADA,Company DADA,General
DATA,Company DATA,General
DAYA,Company DAYA,General
DEWA,Company DEWA,General
DEWI,Company DEWI,General
DILD,Company DILD,General
DIVA,Company DIVA,General
DKFT,Company DKFT,General
DMAS,Company DMAS,General
DMND,Company DMND,General
DOID,Company DOID,General
DOOH,Company DOOH,General
DPUM,Company DPUM,General
DSSA,Company DSSA,General
ELPI,Company ELPI,General
ELSA,Company ELSA,General
ELTY,Company ELTY,General
ENRG,Company ENRG,General
ENZO,Company ENZO,General
EPMT,Company EPMT,General
ERAA,Company ERAA,General
ERAL,Company ERAL,General
ESSA,Company ESSA,General
EXCL,Company EXCL,General
FAST,Company FAST,General
FILM,Company FILM,General
FOLK,Company FOLK,General
FORU,Company FORU,General
FPNI,Company FPNI,General
FREN,Company FREN,General
FUJI,Company FUJI,General
GDST,Company GDST,General
GEMS,Company GEMS,General
GGRM,Company GGRM,General
GHON,Company GHON,General
GIAA,Company GIAA,General
GJTL,Company GJTL,General
GMFI,Company GMFI,General
GOOD,Company GOOD,General
GOTO,Company GOTO,General
GRPM,Company GRPM,General
GTSI,Company GTSI,General
GZCO,Company GZCO,General
HEAL,Company HEAL,General
HELI,Company HELI,General
HERO,Company HERO,General
HEXA,Company HEXA,General
HMSP,Company HMSP,General
HOKI,Company HOKI,General
HOMI,Company HOMI,General
HOPE,Company HOPE,General
HRUM,Company HRUM,General
HUMI,Company HUMI,General
IATA,Company IATA,General
IBOS,Company IBOS,General
ICBP,Company ICBP,General
IDEA,Company IDEA,General
IKAN,Company IKAN,General
IMAS,Company IMAS,General
INCO,Company INCO,General
INDF,Company INDF,General
INDY,Company INDY,General
INET,Company INET,General
INKP,Company INKP,General
INPC,Company INPC,General
INTD,Company INTD,General
INTP,Company INTP,General
IRRA,Company IRRA,General
IRSX,Company IRSX,General
ISAT,Company ISAT,General
ITMG,Company ITMG,General
JARR,Company JARR,General
JAWA,Company JAWA,General
JAYA,Company JAYA,General
JELI,Company JELI,General
JGLE,Company JGLE,General
JPFA,Company JPFA,General
JSMR,Company JSMR,General
KAEF,Company KAEF,General
KAQI,Company KAQI,General
KBLI,Company KBLI,General
KBLM,Company KBLM,General
KEJU,Company KEJU,General
KETR,Company KETR,General
KICI,Company KICI,General
KIJA,Company KIJA,General
KING,Company KING,General
KINO,Company KINO,General
KIOS,Company KIOS,General
KJEN,Company KJEN,General
KKES,Company KKES,General
KKGI,Company KKGI,General
KLBF,Company KLBF,General
KOBX,Company KOBX,General
KOCI,Company KOCI,General
KOTA,Company KOTA,General
KPIG,Company KPIG,General
LABA,Company LABA,General
LAJU,Company LAJU,General
LAPD,Company LAPD,General
LEAD,Company LEAD,General
LFLO,Company LFLO,General
LINK,Company LINK,General
LPCK,Company LPCK,General
LPKR,Company LPKR,General
LPPF,Company LPPF,General
LUCY,Company LUCY,General
MAPA,Company MAPA,General
MAPB,Company MAPB,General
MAPI,Company MAPI,General
MATA,Company MATA,General
MBMA,Company MBMA,General
MBSS,Company MBSS,General
MBTO,Company MBTO,General
MCAS,Company MCAS,General
MDIA,Company MDIA,General
MDKA,Company MDKA,General
MDLN,Company MDLN,General
MEDC,Company MEDC,General
MEGA,Company MEGA,General
META,Company META,General
MIDI,Company MIDI,General
MIKA,Company MIKA,General
MMLP,Company MMLP,General
MNCN,Company MNCN,General
MOLI,Company MOLI,General
MORA,PT Mora Telematika Indonesia Tbk,General
MPIX,Company MPIX,General
MPPA,Company MPPA,General
MRAT,Company MRAT,General
MTEL,Company MTEL,General
MUTU,Company MUTU,General
MYOR,Company MYOR,General
NASI,Company NASI,General
NCKL,Company NCKL,General
NEST,Company NEST,General
NFCX,Company NFCX,General
NISP,Company NISP,General
NRCA,Company NRCA,General
NSSS,Company NSSS,General
OMED,Company OMED,General
PADA,Company PADA,General
PADI,Company PADI,General
PANI,Company PANI,General
PCAR,Company PCAR,General
PEHA,Company PEHA,General
PGAS,Company PGAS,General
PGEO,Company PGEO,General
PGJO,Company PGJO,General
PGUN,Company PGUN,General
PIPA,Company PIPA,General
PJHB,Company PJHB,General
PNBN,Company PNBN,General
PNLF,Company PNLF,General
POLA,Company POLA,General
POLY,Company POLY,General
PRDA,Company PRDA,General
PSAB,Company PSAB,General
PTBA,Company PTBA,General
PTPP,Company PTPP,General
PTRO,Company PTRO,General
PTSN,Company PTSN,General
PWON,Company PWON,General
PZZA,Company PZZA,General
RAJA,Company RAJA,General
RALS,Company RALS,General
RELF,Company RELF,General
RLCO,Company RLCO,General
ROCK,Company ROCK,General
ROTI,Company ROTI,General
RSGK,Company RSGK,General
SAME,Company SAME,General
SCMA,Company SCMA,General
SEMA,Company SEMA,General
SHAK,Company SHAK,General
SIDO,Company SIDO,General
SILO,Company SILO,General
SINI,Company SINI,General
SKBM,Company SKBM,General
SKLT,Company SKLT,General
SKRN,Company SKRN,General
SLIS,Company SLIS,General
SMDR,Company SMDR,General
SMGR,Company SMGR,General
SMKM,Company SMKM,General
SMRA,Company SMRA,General
SMSM,Company SMSM,General
SNLK,Company SNLK,General
SOCI,Company SOCI,General
SOFA,Company SOFA,General
SOHO,Company SOHO,General
SONA,Company SONA,General
SPRE,Company SPRE,General
SQMI,Company SQMI,General
SRAJ,Company SRAJ,General
SRSN,Company SRSN,General
SSIA,Company SSIA,General
SSMS,Company SSMS,General
STRK,Company STRK,General
SUPA,Company SUPA,General
SUPR,Company SUPR,General
SWID,Company SWID,General
TAMU,Company TAMU,General
TBIG,Company TBIG,General
TCID,Company TCID,General
TCPI,Company TCPI,General
TEBE,Company TEBE,General
TFAS,Company TFAS,General
TKIM,Company TKIM,General
TLKM,Company TLKM,General
TMAS,Company TMAS,General
TOBA,Company TOBA,General
TOWR,Company TOWR,General
TPIA,Company TPIA,General
TPMA,Company TPMA,General
TRIN,Company TRIN,General
TRJA,Company TRJA,General
TRUE,Company TRUE,General
TSPC,Company TSPC,General
TURI,Company TURI,General
ULTJ,Company ULTJ,General
UNIT,Company UNIT,General
UNTR,Company UNTR,General
UNVR,Company UNVR,General
UVCR,Company UVCR,General
VICI,Company VICI,General
VKTR,Company VKTR,General
WBSA,Company WBSA,General
WEGE,Company WEGE,General
WIFI,Company WIFI,General
WIKA,Company WIKA,General
WINS,Company WINS,General
WIRG,Company WIRG,General
WOOD,Company WOOD,General
WTON,Company WTON,General
ZATA,Company ZATA,General
